season,details,from,until,days,games,reason,player,url
2223,Transferred to RWDM,2022-08-26,2023-01-28,,,Transfer,Luke Plange,/luke-plange/profil/spieler/586986
2223,Transferred to Lincoln City,2023-01-30,2023-05-30,,,Transfer,Luke Plange,/luke-plange/profil/spieler/586986
2223,Heel Bone Injury,2022-12-30,2023-03-01,61,12,injury,Matt Targett,/matt-targett/profil/spieler/250478
2223,Dead Leg,2022-08-06,2022-08-23,17,3,injury,Matt Targett,/matt-targett/profil/spieler/250478
2223,Calf Injury,2022-11-12,2023-01-10,59,5,injury,Ruben Loftus-Cheek,/ruben-loftus-cheek/profil/spieler/202886
2223,Hamstring Injury,2023-02-11,2023-05-28,106,17,injury,Willy Boly,/willy-boly/profil/spieler/142310
2223,Ligament Injury,2023-02-27,2023-04-10,42,7,injury,Thiago Silva,/thiago-silva/profil/spieler/29241
2223,Knee Injury,2023-02-26,2023-04-10,43,8,injury,Thiago Silva,/thiago-silva/profil/spieler/29241
2223,Transferred to Bristol City,2022-07-01,2023-01-26,,,Transfer,Antoine Semenyo,/antoine-semenyo/profil/spieler/583255
2223,Hamstring Injury,2023-05-03,2023-05-16,13,4,injury,Vladimir Coufal,/vladimir-coufal/profil/spieler/157672
2223,Knock,2023-05-22,2023-05-31,9,2,injury,Joelinton,/joelinton/profil/spieler/333241
2223,Yellow card suspension,2023-03-04,2023-03-18,14,2,suspension,Joelinton,/joelinton/profil/spieler/333241
2223,Hamstring Injury,2023-01-02,2023-02-12,41,7,injury,Virgil van Dijk,/virgil-van-dijk/profil/spieler/139208
2223,Leg Injury,2023-02-05,2023-02-20,15,4,injury,Antony,/antony/profil/spieler/602105
2223,Unknown Injury,2022-10-28,2022-11-23,26,5,injury,Antony,/antony/profil/spieler/602105
2223,Transferred to Ajax,2022-07-01,2022-08-29,,,Transfer,Antony,/antony/profil/spieler/602105
2223,Red card suspension,2022-09-19,2022-10-17,28,3,suspension,Nathan Collins,/nathan-collins/profil/spieler/469050
2223,Transferred to Burnley,2022-07-01,2022-07-11,,,Transfer,Nathan Collins,/nathan-collins/profil/spieler/469050
2223,Hamstring Injury,2022-12-27,2023-01-16,20,6,injury,Jesse Lingard,/jesse-lingard/profil/spieler/141660
2223,Hamstring Injury,2023-01-13,2023-02-13,31,4,injury,Denis Zakaria,/denis-zakaria/profil/spieler/334526
2223,Transferred to Juventus,2022-07-01,2022-08-31,,,Transfer,Denis Zakaria,/denis-zakaria/profil/spieler/334526
2223,Transferred to Juventus,2023-06-30,2023-06-30,,,Transfer,Denis Zakaria,/denis-zakaria/profil/spieler/334526
2223,Leg Injury,2022-09-18,2022-11-14,57,9,injury,Chris Richards,/chris-richards/profil/spieler/578539
2223,Transferred to Bayern Munich,2022-07-01,2022-07-26,,,Transfer,Chris Richards,/chris-richards/profil/spieler/578539
2223,Thigh Problems,2022-09-29,2022-11-05,37,10,injury,Dejan Kulusevski,/dejan-kulusevski/profil/spieler/431755
2223,Transferred to Juventus,2023-06-30,2023-06-30,,,Transfer,Dejan Kulusevski,/dejan-kulusevski/profil/spieler/431755
2223,Knee Injury,2023-01-13,2023-02-06,24,3,injury,Dominic Solanke,/dominic-solanke/profil/spieler/258889
2223,Transferred to Degerfors,2022-07-01,2022-12-30,,,Transfer,Alfie Whiteman,/alfie-whiteman/profil/spieler/282823
2223,Transferred to Blackpool,2022-08-27,2023-05-30,,,Transfer,Ian Poveda,/ian-poveda/profil/spieler/392763
2223,Hamstring Injury,2023-05-18,2023-06-05,18,3,injury,Joe Willock,/joe-willock/profil/spieler/340329
2223,Knee Problems,2022-09-12,2023-04-20,220,27,injury,Andy Lonergan,/andy-lonergan/profil/spieler/14044
2223,Transferred to Watford,2022-08-13,2023-05-30,,,Transfer,Keinan Davis,/keinan-davis/profil/spieler/412660
2223,Transferred to Middlesbrough,2022-07-01,2022-07-31,,,Transfer,Marcus Tavernier,/marcus-tavernier/profil/spieler/399434
2223,Hamstring Injury,2023-01-27,2023-03-01,33,8,injury,John Stones,/john-stones/profil/spieler/186590
2223,Hamstring Injury,2022-09-26,2022-10-20,24,5,injury,John Stones,/john-stones/profil/spieler/186590
2223,Achilles tendon rupture,2022-11-01,2023-04-21,171,22,injury,Neeskens Kebano,/neeskens-kebano/profil/spieler/111422
2223,Minor Knock,2022-08-18,2022-08-29,11,3,injury,Neeskens Kebano,/neeskens-kebano/profil/spieler/111422
2223,Unknown Injury,2023-04-15,,51,,injury,Adnan Kanuric,/adnan-kanuric/profil/spieler/354017
2223,Transferred to FK Sarajevo,2022-07-01,2022-09-19,,,Transfer,Adnan Kanuric,/adnan-kanuric/profil/spieler/354017
2223,Transferred to Oxford City,2023-02-04,2023-05-30,,,Transfer,Adnan Kanuric,/adnan-kanuric/profil/spieler/354017
2223,Rest,2022-11-10,2022-11-14,4,1,injury,Keylor Navas,/keylor-navas/profil/spieler/79422
2223,Back Injury,2022-10-31,2022-11-10,10,2,injury,Keylor Navas,/keylor-navas/profil/spieler/79422
2223,Minor Knock,2022-09-12,2022-09-15,3,1,injury,Keylor Navas,/keylor-navas/profil/spieler/79422
2223,Lumbar vertebrae problems,2022-08-20,2022-08-22,2,1,injury,Keylor Navas,/keylor-navas/profil/spieler/79422
2223,Transferred to Paris SG,2022-07-01,2023-01-30,,,Transfer,Keylor Navas,/keylor-navas/profil/spieler/79422
2223,Transferred to Paris SG,2023-06-30,2023-06-30,,,Transfer,Keylor Navas,/keylor-navas/profil/spieler/79422
2223,Called up to national team,2023-05-19,2023-05-31,12,2,absence,Matthew Cox,/matthew-cox/profil/spieler/741236
2223,Called up to national team,2023-03-17,2023-04-16,30,5,absence,Matthew Cox,/matthew-cox/profil/spieler/741236
2223,Called up to national team,2023-01-01,2023-01-23,22,3,absence,Matthew Cox,/matthew-cox/profil/spieler/741236
2223,Shoulder Injury,2022-11-04,2022-11-12,8,3,injury,Matheus Nunes,/matheus-nunes/profil/spieler/601883
2223,Transferred to Sporting CP,2022-07-01,2022-08-17,,,Transfer,Matheus Nunes,/matheus-nunes/profil/spieler/601883
2223,Ankle Injury,2023-03-13,2023-05-02,50,11,injury,Alejandro Garnacho,/alejandro-garnacho/profil/spieler/811779
2223,Hamstring Injury,2022-12-09,2023-01-13,35,4,injury,Richarlison,/richarlison/profil/spieler/378710
2223,Calf Injury,2022-10-15,2022-11-08,24,7,injury,Richarlison,/richarlison/profil/spieler/378710
2223,Transferred to Crawley Town,2022-07-30,2023-01-16,,,Transfer,Ellery Balcombe,/ellery-balcombe/profil/spieler/456292
2223,Transferred to Bristol Rovers,2023-01-19,2023-05-30,,,Transfer,Ellery Balcombe,/ellery-balcombe/profil/spieler/456292
2223,Transferred to PSV Eindhoven,2022-07-01,2023-01-24,,,Transfer,Ki-Jana Hoever,/ki-jana-hoever/profil/spieler/485583
2223,Transferred to Stoke City,2023-01-27,2023-05-30,,,Transfer,Ki-Jana Hoever,/ki-jana-hoever/profil/spieler/485583
2223,Hamstring Injury,2022-08-30,2022-10-24,55,8,injury,Roméo Lavia,/romeo-lavia/profil/spieler/628451
2223,Transferred to Reading,2022-08-31,2023-05-30,,,Transfer,Abdul-Rahman Baba,/abdul-rahman-baba/profil/spieler/224884
2223,Thigh Problems,2023-01-22,2023-04-14,82,12,injury,Adam Lallana,/adam-lallana/profil/spieler/43530
2223,Calf Injury,2022-08-26,2022-09-28,33,3,injury,Adam Lallana,/adam-lallana/profil/spieler/43530
2223,Transferred to Feyenoord,2022-07-01,2022-08-07,,,Transfer,Marcos Senesi,/marcos-senesi/profil/spieler/469781
2223,Ankle Injury,2022-08-06,2022-10-31,86,14,injury,Yerry Mina,/yerry-mina/profil/spieler/289446
2223,Transferred to Solihull Moors,2022-07-01,2023-01-01,,,Transfer,Louie Moulden,/louie-moulden/profil/spieler/444641
2223,Hamstring Injury,2023-05-07,2023-06-07,31,7,injury,Nathan Aké,/nathan-ake/profil/spieler/177476
2223,Biceps femoris muscle injury,2023-04-19,2023-05-01,12,4,injury,Nathan Aké,/nathan-ake/profil/spieler/177476
2223,Concussion,2023-01-22,2023-01-30,8,2,injury,James Hill,/james-hill/profil/spieler/611793
2223,Transferred to Heart of Midl.,2023-01-09,2023-05-30,,,Transfer,James Hill,/james-hill/profil/spieler/611793
2223,Hamstring Injury,2023-01-27,2023-03-04,36,7,injury,Kurt Zouma,/kurt-zouma/profil/spieler/157509
2223,Knee Injury,2022-11-12,2023-01-09,58,5,injury,Kurt Zouma,/kurt-zouma/profil/spieler/157509
2223,Knee Surgery,2023-02-16,2023-05-31,104,19,injury,Calvin Ramsay,/calvin-ramsay/profil/spieler/633652
2223,Knee Surgery,2023-06-01,,4,1,injury,Zack Steffen,/zack-steffen/profil/spieler/221624
2223,Knee Problems,2022-08-26,2022-09-18,23,5,injury,Zack Steffen,/zack-steffen/profil/spieler/221624
2223,Transferred to Middlesbrough,2022-07-19,2023-05-30,,,Transfer,Zack Steffen,/zack-steffen/profil/spieler/221624
2223,Transferred to TSG Hoffenheim,2022-07-01,2023-01-13,,,Transfer,Georginio Rutter,/georginio-rutter/profil/spieler/538977
2223,Tear in the abductor muscle,2023-03-13,2023-05-31,79,13,injury,Stefan Bajcetic,/stefan-bajcetic/profil/spieler/864799
2223,Transferred to Marseille,2022-07-01,2022-08-31,,,Transfer,Duje Caleta-Car,/duje-caleta-car/profil/spieler/238266
2223,Knee Injury,2022-12-23,2023-01-16,24,6,injury,James Maddison,/james-maddison/profil/spieler/294057
2223,Knee Injury,2022-11-19,2022-11-27,8,,injury,James Maddison,/james-maddison/profil/spieler/294057
2223,Fitness,2022-12-19,2023-01-13,25,5,injury,Neto,/neto/profil/spieler/111819
2223,Hamstring Injury,2022-10-24,2022-12-18,55,5,injury,Neto,/neto/profil/spieler/111819
2223,Transferred to Barcelona,2022-07-01,2022-08-06,,,Transfer,Neto,/neto/profil/spieler/111819
2223,Transferred to Swansea,2022-09-01,2022-12-31,,,Transfer,Fin Stevens,/fin-stevens/profil/spieler/587019
2223,Ankle Injury,2022-10-01,2023-02-05,127,19,injury,Pedro Neto,/pedro-neto/profil/spieler/487465
2223,Ankle Injury,2022-09-30,2023-01-01,93,11,injury,Thomas Strakosha,/thomas-strakosha/profil/spieler/222209
2223,Transferred to Lazio,2022-07-01,2022-07-13,,,Transfer,Thomas Strakosha,/thomas-strakosha/profil/spieler/222209
2223,Knee Injury,2023-04-01,2023-05-31,60,16,injury,Gianluca Scamacca,/gianluca-scamacca/profil/spieler/315867
2223,Knee Injury,2023-01-20,2023-02-19,30,5,injury,Gianluca Scamacca,/gianluca-scamacca/profil/spieler/315867
2223,Transferred to Sassuolo,2022-07-01,2022-07-25,,,Transfer,Gianluca Scamacca,/gianluca-scamacca/profil/spieler/315867
2223,Transferred to Molde,2022-07-01,2022-12-31,,,Transfer,David Datro Fofana,/david-datro-fofana/profil/spieler/787232
2223,Transferred to Bristol City,2022-07-01,2023-01-24,,,Transfer,Daniel Bentley,/daniel-bentley/profil/spieler/136401
2223,Stress response of the bone,2022-09-01,2022-10-13,42,7,injury,Curtis Jones,/curtis-jones/profil/spieler/433188
2223,Hamstring Injury,2022-08-15,2023-03-17,214,32,injury,Moussa Niakhaté,/moussa-niakhate/profil/spieler/291200
2223,Transferred to 1.FSV Mainz 05,2022-07-01,2022-07-05,,,Transfer,Moussa Niakhaté,/moussa-niakhate/profil/spieler/291200
2223,Hamstring Injury,2023-05-07,2023-05-21,14,3,injury,Daniel James,/daniel-james/profil/spieler/319301
2223,Knee Injury,2023-03-05,2023-05-02,58,11,injury,Keane Lewis-Potter,/keane-lewis-potter/profil/spieler/644401
2223,Fitness,2022-10-11,2022-10-31,20,4,injury,Keane Lewis-Potter,/keane-lewis-potter/profil/spieler/644401
2223,Ligament Injury,2022-09-05,2022-10-10,35,3,injury,Keane Lewis-Potter,/keane-lewis-potter/profil/spieler/644401
2223,Transferred to Hull City,2022-07-01,2022-07-11,,,Transfer,Keane Lewis-Potter,/keane-lewis-potter/profil/spieler/644401
2223,Facial Fracture,2022-11-02,2022-11-20,18,3,injury,Heung-min Son,/heung-min-son/profil/spieler/91845
2223,Knee Injury,2022-12-28,2023-02-15,49,3,injury,Bertrand Traoré,/bertrand-traore/profil/spieler/131996
2223,Transferred to Basaksehir,2022-08-22,2023-01-30,,,Transfer,Bertrand Traoré,/bertrand-traore/profil/spieler/131996
2223,Knee Injury,2022-11-03,2023-08-07,277,31,injury,Giulian Biancone,/giulian-biancone/profil/spieler/536507
2223,Transferred to Troyes,2022-07-01,2022-07-02,,,Transfer,Giulian Biancone,/giulian-biancone/profil/spieler/536507
2223,Bruised Rib,2023-03-27,2023-03-31,4,,injury,Konstantinos Tsimikas,/konstantinos-tsimikas/profil/spieler/338070
2223,Ankle Injury,2023-01-29,2023-04-06,67,16,injury,Christian Eriksen,/christian-eriksen/profil/spieler/69633
2223,Hamstring Injury,2022-04-30,2022-08-12,104,6,injury,Nélson Semedo,/nelson-semedo/profil/spieler/231572
2223,Transferred to Without Club,2022-07-01,2022-09-11,,,Transfer,Diego Costa,/diego-costa/profil/spieler/44779
2223,Muscle Injury,2023-01-30,2023-02-27,28,5,injury,Ibrahima Konaté,/ibrahima-konate/profil/spieler/357119
2223,Knee Injury,2022-08-01,2022-09-25,55,8,injury,Ibrahima Konaté,/ibrahima-konate/profil/spieler/357119
2223,Thigh Problems,2023-03-15,2023-04-15,31,5,injury,Miguel Almirón,/miguel-almiron/profil/spieler/272999
2223,Transferred to Charlton,2022-07-05,2023-05-30,,,Transfer,Steven Sessegnon,/steven-sessegnon/profil/spieler/406558
2223,Yellow card suspension,2022-10-02,2022-10-15,13,1,suspension,Rúben Neves,/ruben-neves/profil/spieler/225161
2223,Transferred to Birmingham,2022-08-29,2023-05-30,,,Transfer,Hannibal,/hannibal/profil/spieler/607224
2223,Minor Knock,2022-10-27,2022-10-31,4,2,injury,Nayef Aguerd,/nayef-aguerd/profil/spieler/361914
2223,Ankle Injury,2022-07-18,2022-10-24,98,18,injury,Nayef Aguerd,/nayef-aguerd/profil/spieler/361914
2223,Fractured Arm,2023-04-30,2023-05-29,29,6,injury,Tim Ream,/tim-ream/profil/spieler/145466
2223,Fractured Finger,2022-07-19,2022-11-13,117,16,injury,Jack Butland,/jack-butland/profil/spieler/128899
2223,Pubis bone contusion,2022-07-01,2022-08-03,33,2,injury,Sergio Gómez,/sergio-gomez/profil/spieler/366930
2223,Transferred to RSC Anderlecht,2022-07-01,2022-08-15,,,Transfer,Sergio Gómez,/sergio-gomez/profil/spieler/366930
2223,Shoulder Injury,2023-03-17,2023-05-08,52,9,injury,Ryan Yates,/ryan-yates/profil/spieler/425902
2223,Ill,2023-01-21,2023-02-24,34,6,injury,Ryan Yates,/ryan-yates/profil/spieler/425902
2223,Knock,2022-09-22,2022-09-30,8,,injury,Thomas Partey,/thomas-partey/profil/spieler/230784
2223,Thigh Problems,2022-08-25,2022-09-15,21,4,injury,Thomas Partey,/thomas-partey/profil/spieler/230784
2223,Metatarsal Fracture,2023-04-14,2023-06-30,77,12,injury,Lisandro Martínez,/lisandro-martinez/profil/spieler/480762
2223,Transferred to Ajax,2022-07-01,2022-07-26,,,Transfer,Lisandro Martínez,/lisandro-martinez/profil/spieler/480762
2223,Corona virus,2022-11-01,2022-11-11,10,2,injury,Callum Wilson,/callum-wilson/profil/spieler/123682
2223,Hamstring Injury,2022-08-21,2022-09-25,35,6,injury,Callum Wilson,/callum-wilson/profil/spieler/123682
2223,Transferred to Atalanta BC,2022-07-01,2022-08-13,,,Transfer,Remo Freuler,/remo-freuler/profil/spieler/148252
2223,Hamstring Injury,2022-12-22,2023-01-15,24,7,injury,Rúben Dias,/ruben-dias/profil/spieler/258004
2223,Transferred to Burnley,2022-07-01,2022-07-27,,,Transfer,Dwight McNeil,/dwight-mcneil/profil/spieler/584769
2223,Achilles tendon rupture,2022-11-08,2023-05-31,204,30,injury,James Justin,/james-justin/profil/spieler/413220
2223,Transferred to FC Copenhagen,2022-07-01,2023-01-19,,,Transfer,Victor Kristiansen,/victor-kristiansen/profil/spieler/564529
2223,Transferred to SC Freiburg,2022-07-01,2023-01-03,,,Transfer,Kevin Schade,/kevin-schade/profil/spieler/473050
2223,Transferred to SC Freiburg,2023-06-30,2023-06-30,,,Transfer,Kevin Schade,/kevin-schade/profil/spieler/473050
2223,Hamstring Injury,2022-10-28,2022-11-19,22,5,injury,Cristian Romero,/cristian-romero/profil/spieler/355915
2223,Adductor problems,2022-08-18,2022-09-02,15,3,injury,Cristian Romero,/cristian-romero/profil/spieler/355915
2223,Transferred to Atalanta BC,2022-08-29,2022-08-29,,,Transfer,Cristian Romero,/cristian-romero/profil/spieler/355915
2223,Virus Infection,2023-03-23,2023-03-30,7,,injury,Sven Botman,/sven-botman/profil/spieler/361093
2223,Cervical spine injury,2023-01-22,2023-02-01,10,1,injury,Facundo Buonanotte,/facundo-buonanotte/profil/spieler/983989
2223,Transferred to Rosario Central,2022-07-01,2022-12-31,,,Transfer,Facundo Buonanotte,/facundo-buonanotte/profil/spieler/983989
2223,Ankle Injury,2022-07-30,2022-08-31,32,4,injury,Facundo Pellistri,/facundo-pellistri/profil/spieler/676318
2223,Toe Injury,2023-05-12,2023-05-29,17,3,injury,Darwin Núñez,/darwin-nunez/profil/spieler/546543
2223,Ankle Injury,2023-03-16,2023-03-30,14,,injury,Darwin Núñez,/darwin-nunez/profil/spieler/546543
2223,Shoulder Injury,2023-02-22,2023-02-27,5,1,injury,Darwin Núñez,/darwin-nunez/profil/spieler/546543
2223,Shoulder Injury,2023-02-18,2023-02-20,2,1,injury,Darwin Núñez,/darwin-nunez/profil/spieler/546543
2223,Dead Leg,2023-01-12,2023-01-19,7,2,injury,Darwin Núñez,/darwin-nunez/profil/spieler/546543
2223,Muscular problems,2022-10-20,2022-10-24,4,1,injury,Darwin Núñez,/darwin-nunez/profil/spieler/546543
2223,Red card suspension,2022-08-16,2022-09-01,16,3,suspension,Darwin Núñez,/darwin-nunez/profil/spieler/546543
2223,Back Injury,2023-03-16,,81,,injury,William Saliba,/william-saliba/profil/spieler/495666
2223,Cruciate Ligament Rupture,2022-09-04,2023-06-05,274,37,injury,Sasa Kalajdzic,/sasa-kalajdzic/profil/spieler/369567
2223,Ankle problems,2022-07-18,2022-08-01,14,1,injury,Sasa Kalajdzic,/sasa-kalajdzic/profil/spieler/369567
2223,Transferred to VfB Stuttgart,2022-07-01,2022-08-30,,,Transfer,Sasa Kalajdzic,/sasa-kalajdzic/profil/spieler/369567
2223,Transferred to Racing Club,2022-07-01,2023-01-10,,,Transfer,Carlos Alcaraz,/carlos-alcaraz/profil/spieler/748319
2223,Transferred to QPR,2022-09-01,2023-05-30,,,Transfer,Tim Iroegbunam,/tim-iroegbunam/profil/spieler/696589
2223,Transferred to Coventry,2022-07-13,2023-05-30,,,Transfer,Jonathan Panzo,/jonathan-panzo/profil/spieler/392777
2223,Transferred to Atlético Madrid,2022-07-01,2023-01-30,,,Transfer,Felipe,/felipe/profil/spieler/156501
2223,Ankle Injury,2023-03-02,2023-04-13,42,7,injury,Eddie Nketiah,/eddie-nketiah/profil/spieler/340324
2223,Unknown Injury,2022-07-13,2023-01-23,194,30,injury,Axel Tuanzebe,/axel-tuanzebe/profil/spieler/342046
2223,Transferred to Stoke City,2023-01-31,2023-05-30,,,Transfer,Axel Tuanzebe,/axel-tuanzebe/profil/spieler/342046
2223,Concussion,2023-02-27,2023-03-05,6,1,injury,Fabian Schär,/fabian-schar/profil/spieler/135343
2223,Transferred to Slough,2023-01-20,2023-05-30,,,Transfer,Will Dennis,/will-dennis/profil/spieler/582078
2223,Transferred to Olympique Lyon,2022-07-01,2022-08-28,,,Transfer,Lucas Paquetá,/lucas-paqueta/profil/spieler/444523
2223,Transferred to Real Betis,2022-07-01,2022-08-08,,,Transfer,Joel Robles,/joel-robles/profil/spieler/101118
2223,Hamstring Injury,2022-08-31,2022-09-25,25,4,injury,Jordan Henderson,/jordan-henderson/profil/spieler/61651
2223,Achilles tendon rupture,2022-08-05,2023-02-05,184,27,injury,Ricardo Pereira,/ricardo-pereira/profil/spieler/215876
2223,Ill,2022-10-17,2022-10-22,5,1,injury,Rayan Aït-Nouri,/rayan-ait-nouri/profil/spieler/578391
2223,Transferred to Sampdoria,2022-07-01,2022-08-09,,,Transfer,Mikkel Damsgaard,/mikkel-damsgaard/profil/spieler/540941
2223,Cruciate Ligament Injury,2022-07-09,,331,44,injury,Chiquinho,/chiquinho/profil/spieler/695454
2223,Unknown Injury,2022-07-08,2022-12-04,149,21,injury,Brandon Williams,/brandon-williams/profil/spieler/507700
2223,Transferred to Cardiff,2022-07-26,2023-05-30,,,Transfer,Jaden Philogene,/jaden-philogene/profil/spieler/665390
2223,Hamstring Injury,2022-08-25,2022-09-16,22,3,injury,Bruno Guimarães,/bruno-guimaraes/profil/spieler/520624
2223,Hamstring Injury,2023-04-25,2023-05-31,36,7,injury,Reece James,/reece-james/profil/spieler/472423
2223,Thigh Problems,2023-03-26,2023-03-31,5,,injury,Reece James,/reece-james/profil/spieler/472423
2223,Ill,2023-03-09,2023-03-15,6,1,injury,Reece James,/reece-james/profil/spieler/472423
2223,Hamstring Injury,2023-03-01,2023-03-05,4,1,injury,Reece James,/reece-james/profil/spieler/472423
2223,Knee Injury,2022-12-27,2023-01-31,35,7,injury,Reece James,/reece-james/profil/spieler/472423
2223,Knee Injury,2022-10-13,2022-12-12,60,9,injury,Reece James,/reece-james/profil/spieler/472423
2223,Cruciate Ligament Rupture,2022-08-24,2023-05-31,280,43,injury,Emil Krafth,/emil-krafth/profil/spieler/184528
2223,Ankle Fracture,2023-02-10,2023-05-01,80,15,injury,Yves Bissouma,/yves-bissouma/profil/spieler/410425
2223,Muscle Injury,2022-11-05,2022-12-25,50,4,injury,Naby Keïta,/naby-keita/profil/spieler/302215
2223,Hamstring Injury,2022-08-01,2022-11-01,92,18,injury,Naby Keïta,/naby-keita/profil/spieler/302215
2223,Hamstring Injury,2022-07-16,2022-10-17,93,14,injury,Alex Oxlade-Chamberlain,/alex-oxlade-chamberlain/profil/spieler/143424
2223,Ankle Injury,2022-09-15,2022-12-26,102,11,injury,Lloyd Kelly,/lloyd-kelly/profil/spieler/480116
2223,Transferred to Burnley,2022-07-01,2022-07-21,,,Transfer,Ben Mee,/ben-mee/profil/spieler/74810
2223,Muscle Injury,2023-04-08,2023-04-19,11,3,injury,Marcus Rashford,/marcus-rashford/profil/spieler/258923
2223,Unknown Injury,2023-03-19,2023-03-31,12,1,injury,Marcus Rashford,/marcus-rashford/profil/spieler/258923
2223,Muscle Injury,2022-09-04,2022-09-19,15,3,injury,Marcus Rashford,/marcus-rashford/profil/spieler/258923
2223,Transferred to Stade Reims,2022-07-01,2022-08-31,,,Transfer,Wout Faes,/wout-faes/profil/spieler/292808
2223,Hip problems,2022-09-30,2022-11-14,45,9,injury,Raúl Jiménez,/raul-jimenez/profil/spieler/206040
2223,Knee Injury,2022-07-23,2022-08-17,25,2,injury,Raúl Jiménez,/raul-jimenez/profil/spieler/206040
2223,Thigh Problems,2023-01-14,2023-05-31,137,,injury,Dean Henderson,/dean-henderson/profil/spieler/258919
2223,Pelvis Injury,2023-04-25,2023-05-31,36,7,injury,Mason Mount,/mason-mount/profil/spieler/346483
2223,bruised pelvis,2023-02-28,2023-04-03,34,5,injury,Mason Mount,/mason-mount/profil/spieler/346483
2223,Knock,2023-01-05,2023-01-07,2,1,injury,Mason Mount,/mason-mount/profil/spieler/346483
2223,Facial Fracture,2023-04-26,2023-06-30,65,6,injury,Neco Williams,/neco-williams/profil/spieler/503680
2223,Unknown Injury,2022-12-26,2023-01-11,16,5,injury,Dennis Praet,/dennis-praet/profil/spieler/129588
2223,Muscle Injury,2022-09-02,2022-09-09,7,2,injury,Matheus Cunha,/matheus-cunha/profil/spieler/517894
2223,Transferred to Atlético Madrid,2022-07-01,2022-12-31,,,Transfer,Matheus Cunha,/matheus-cunha/profil/spieler/517894
2223,Transferred to Atlético Madrid,2023-06-30,2023-06-30,,,Transfer,Matheus Cunha,/matheus-cunha/profil/spieler/517894
2223,Knee Injury,2023-01-03,2023-04-08,95,15,injury,Isaac Hayden,/isaac-hayden/profil/spieler/206225
2223,Knee Problems,2022-07-25,2022-10-10,77,15,injury,Isaac Hayden,/isaac-hayden/profil/spieler/206225
2223,Transferred to Norwich,2022-07-01,2023-05-30,,,Transfer,Isaac Hayden,/isaac-hayden/profil/spieler/206225
2223,Hip Injury,2022-11-05,2022-11-07,2,1,injury,Remi Matthews,/remi-matthews/profil/spieler/196722
2223,Transferred to St. Johnstone,2022-07-27,2023-05-30,,,Transfer,Remi Matthews,/remi-matthews/profil/spieler/196722
2223,Knock,2022-11-04,2022-11-06,2,1,injury,Patrick Bamford,/patrick-bamford/profil/spieler/183334
2223,Transferred to Luton,2023-01-31,2023-05-30,,,Transfer,Marvelous Nakamba,/marvelous-nakamba/profil/spieler/324882
2223,Shoulder Injury,2023-03-19,2023-04-07,19,1,injury,Armel Bella-Kotchap,/armel-bella-kotchap/profil/spieler/467563
2223,Knee Problems,2023-01-04,2023-02-12,39,10,injury,Armel Bella-Kotchap,/armel-bella-kotchap/profil/spieler/467563
2223,Shoulder Injury,2022-10-16,2022-11-01,16,4,injury,Armel Bella-Kotchap,/armel-bella-kotchap/profil/spieler/467563
2223,Calf Strain,2022-12-20,2023-01-27,38,9,injury,Theo Walcott,/theo-walcott/profil/spieler/33713
2223,Transferred to Al-Sadd SC,2022-07-01,2023-02-01,,,Transfer,André Ayew,/andre-ayew/profil/spieler/45403
2223,Transferred to Norwich,2023-01-31,2023-05-30,,,Transfer,Marquinhos,/marquinhos/profil/spieler/668268
2223,Yellow card suspension,2023-02-25,2023-03-13,16,2,suspension,João Palhinha,/joao-palhinha/profil/spieler/257455
2223,Yellow card suspension,2022-09-17,2022-10-02,15,1,suspension,João Palhinha,/joao-palhinha/profil/spieler/257455
2223,Transferred to Sporting CP,2022-07-01,2022-07-03,,,Transfer,João Palhinha,/joao-palhinha/profil/spieler/257455
2223,Transferred to RB Leipzig,2022-07-01,2022-07-05,,,Transfer,Tyler Adams,/tyler-adams/profil/spieler/332705
2223,Knee Injury,2023-02-06,2023-03-22,44,9,injury,Hugo Lloris,/hugo-lloris/profil/spieler/17965
2223,Ankle Injury,2022-08-09,2022-08-29,20,6,injury,Álvaro Fernandez,/alvaro-fernandez/profil/spieler/811778
2223,Transferred to Preston,2022-07-26,2023-05-30,,,Transfer,Álvaro Fernandez,/alvaro-fernandez/profil/spieler/811778
2223,Knee Injury,2023-01-21,2023-01-21,0,1,injury,Danny Ings,/danny-ings/profil/spieler/134294
2223,Hamstring Injury,2023-04-06,2023-05-05,29,5,injury,Allan Saint-Maximin,/allan-saint-maximin/profil/spieler/272642
2223,Ill,2023-01-06,2023-01-09,3,1,injury,Allan Saint-Maximin,/allan-saint-maximin/profil/spieler/272642
2223,Muscle Injury,2022-10-14,2022-10-26,12,3,injury,Allan Saint-Maximin,/allan-saint-maximin/profil/spieler/272642
2223,Hamstring Injury,2022-08-29,2022-10-05,37,4,injury,Allan Saint-Maximin,/allan-saint-maximin/profil/spieler/272642
2223,Calf Injury,2023-02-18,2023-03-05,15,3,injury,Serge Aurier,/serge-aurier/profil/spieler/127032
2223,Transferred to Without Club,2022-07-01,2022-09-06,,,Transfer,Serge Aurier,/serge-aurier/profil/spieler/127032
2223,Unknown Injury,2023-04-09,2023-05-16,37,9,injury,Scott McTominay,/scott-mctominay/profil/spieler/315969
2223,Unknown Injury,2023-01-27,2023-02-18,22,6,injury,Scott McTominay,/scott-mctominay/profil/spieler/315969
2223,Yellow card suspension,2022-10-10,2022-10-17,7,1,suspension,Scott McTominay,/scott-mctominay/profil/spieler/315969
2223,Knee Injury,2023-01-14,2023-01-14,0,1,injury,Lewis Cook,/lewis-cook/profil/spieler/249089
2223,Hamstring Injury,2022-11-21,2023-01-03,43,3,injury,Cheikhou Kouyaté,/cheikhou-kouyate/profil/spieler/66934
2223,Transferred to QPR,2022-07-06,2023-05-30,,,Transfer,Tyler Roberts,/tyler-roberts/profil/spieler/296986
2223,Unknown Injury,2022-10-20,2022-10-23,3,1,injury,Aaron Connolly,/aaron-connolly/profil/spieler/434207
2223,Transferred to Venezia,2022-07-14,2023-01-04,,,Transfer,Aaron Connolly,/aaron-connolly/profil/spieler/434207
2223,Transferred to Hull City,2023-01-06,2023-05-30,,,Transfer,Aaron Connolly,/aaron-connolly/profil/spieler/434207
2223,Transferred to Sunderland,2023-01-27,2023-05-30,,,Transfer,Joe Gelhardt,/joe-gelhardt/profil/spieler/503980
2223,Transferred to Watford,2022-07-01,2022-08-12,,,Transfer,Emmanuel Dennis,/emmanuel-dennis/profil/spieler/448854
2223,Hamstring Injury,2022-09-26,2022-10-25,29,7,injury,Harry Maguire,/harry-maguire/profil/spieler/177907
2223,Ankle Injury,2022-09-05,2022-11-05,61,7,injury,Karl Darlow,/karl-darlow/profil/spieler/99397
2223,Transferred to Hull City,2023-01-31,2023-05-30,,,Transfer,Karl Darlow,/karl-darlow/profil/spieler/99397
2223,Knee Injury,2023-05-10,2023-06-01,22,4,injury,Matt Ritchie,/matt-ritchie/profil/spieler/92469
2223,Transferred to Flamengo,2022-07-01,2023-01-29,,,Transfer,João Gomes,/joao-gomes/profil/spieler/735570
2223,Knock,2023-05-20,2023-05-31,11,2,injury,Javier Manquillo,/javier-manquillo/profil/spieler/162029
2223,Muscle Injury,2022-08-21,2022-10-01,41,5,injury,Orel Mangala,/orel-mangala/profil/spieler/289592
2223,Corona virus,2022-07-20,2022-07-26,6,,injury,Orel Mangala,/orel-mangala/profil/spieler/289592
2223,Indirect card suspension,2022-11-10,2022-11-13,3,1,suspension,Orel Mangala,/orel-mangala/profil/spieler/289592
2223,Transferred to VfB Stuttgart,2022-07-01,2022-07-30,,,Transfer,Orel Mangala,/orel-mangala/profil/spieler/289592
2223,Transferred to AIK,2022-07-01,2023-01-29,,,Transfer,Yasin Ayari,/yasin-ayari/profil/spieler/667287
2223,Knee Problems,2023-01-05,2023-03-05,59,11,injury,Christian Pulisic,/christian-pulisic/profil/spieler/315779
2223,Transferred to Swansea,2022-08-29,2023-05-30,,,Transfer,Luke Cundle,/luke-cundle/profil/spieler/532541
2223,Hip Injury,2023-02-02,2023-03-08,34,9,injury,Anthony Martial,/anthony-martial/profil/spieler/182877
2223,Unknown Injury,2023-01-14,2023-01-30,16,5,injury,Anthony Martial,/anthony-martial/profil/spieler/182877
2223,Back Injury,2022-10-10,2022-10-31,21,6,injury,Anthony Martial,/anthony-martial/profil/spieler/182877
2223,Achilles Irritation,2022-08-23,2022-09-26,34,5,injury,Anthony Martial,/anthony-martial/profil/spieler/182877
2223,Hamstring Injury,2022-07-31,2022-08-18,18,2,injury,Anthony Martial,/anthony-martial/profil/spieler/182877
2223,Calf Injury,2022-10-01,2022-10-01,0,1,injury,Maxwel Cornet,/maxwel-cornet/profil/spieler/234781
2223,Transferred to Burnley,2022-07-01,2022-08-04,,,Transfer,Maxwel Cornet,/maxwel-cornet/profil/spieler/234781
2223,Shinbone injury,2022-09-14,2022-10-19,35,7,injury,Rhys Williams,/rhys-williams/profil/spieler/503679
2223,Transferred to Blackpool,2022-07-19,2023-01-22,,,Transfer,Rhys Williams,/rhys-williams/profil/spieler/503679
2223,Calf Injury,2023-04-29,2023-05-31,32,6,injury,Jamaal Lascelles,/jamaal-lascelles/profil/spieler/183318
2223,Calf Injury,2022-12-10,,177,28,injury,Jonny Evans,/jonny-evans/profil/spieler/42412
2223,Transferred to Palmeiras,2022-07-01,2023-01-15,,,Transfer,Danilo,/danilo/profil/spieler/808509
2223,Indirect card suspension,2023-03-05,2023-03-12,7,1,suspension,Cheick Doucouré,/cheick-doucoure/profil/spieler/543387
2223,Yellow card suspension,2022-10-19,2022-10-23,4,1,suspension,Cheick Doucouré,/cheick-doucoure/profil/spieler/543387
2223,Transferred to Lens,2022-07-01,2022-07-10,,,Transfer,Cheick Doucouré,/cheick-doucoure/profil/spieler/543387
2223,Transferred to Luton,2022-07-01,2023-01-25,,,Transfer,James Bree,/james-bree/profil/spieler/324223
2223,Hamstring Injury,2023-02-04,2023-03-08,32,6,injury,Dominic Calvert-Lewin,/dominic-calvert-lewin/profil/spieler/306024
2223,Knee Injury,2022-08-04,2022-09-19,46,8,injury,Dominic Calvert-Lewin,/dominic-calvert-lewin/profil/spieler/306024
2223,Calf Injury,2022-12-20,2023-02-09,51,10,injury,Roberto Firmino,/roberto-firmino/profil/spieler/131789
2223,Unknown Injury,2023-03-05,2023-03-13,8,2,injury,Shane Duffy,/shane-duffy/profil/spieler/119269
2223,Ill,2023-01-04,2023-01-10,6,1,injury,Shane Duffy,/shane-duffy/profil/spieler/119269
2223,Hamstring Injury,2022-10-16,2022-10-22,6,1,injury,Wout Weghorst,/wout-weghorst/profil/spieler/228645
2223,Transferred to Burnley,2022-07-01,2022-07-04,,,Transfer,Wout Weghorst,/wout-weghorst/profil/spieler/228645
2223,Transferred to Besiktas,2022-07-05,2023-01-11,,,Transfer,Wout Weghorst,/wout-weghorst/profil/spieler/228645
2223,Transferred to Burnley,2023-01-12,2023-01-12,,,Transfer,Wout Weghorst,/wout-weghorst/profil/spieler/228645
2223,Transferred to Burnley,2023-06-30,2023-06-30,,,Transfer,Wout Weghorst,/wout-weghorst/profil/spieler/228645
2223,Transferred to AS Roma,2022-07-01,2023-01-29,,,Transfer,Matías Viña,/matias-vina/profil/spieler/439072
2223,Transferred to AS Roma,2023-06-30,2023-06-30,,,Transfer,Matías Viña,/matias-vina/profil/spieler/439072
2223,Appendectomy,2023-03-26,2023-04-17,22,4,injury,Phil Foden,/phil-foden/profil/spieler/406635
2223,Red card suspension,2023-03-13,2023-04-09,27,4,suspension,Casemiro,/casemiro/profil/spieler/16306
2223,Red card suspension,2023-02-05,2023-02-20,15,3,suspension,Casemiro,/casemiro/profil/spieler/16306
2223,Yellow card suspension,2023-01-19,2023-01-23,4,1,suspension,Casemiro,/casemiro/profil/spieler/16306
2223,Transferred to Real Madrid,2022-07-01,2022-08-21,,,Transfer,Casemiro,/casemiro/profil/spieler/16306
2223,Transferred to Paris SG,2022-07-01,2022-08-31,,,Transfer,Idrissa Gueye,/idrissa-gueye/profil/spieler/126665
2223,Back trouble,2022-09-12,2022-10-25,43,8,injury,Aaron Wan-Bissaka,/aaron-wan-bissaka/profil/spieler/477758
2223,Hamstring Injury,2023-03-30,2023-07-03,95,11,injury,Chris Wood,/chris-wood/profil/spieler/108725
2223,Transferred to Sporting CP,2022-07-01,2022-07-26,,,Transfer,Rúben Vinagre,/ruben-vinagre/profil/spieler/357158
2223,Transferred to Sporting CP,2023-06-30,2023-06-30,,,Transfer,Rúben Vinagre,/ruben-vinagre/profil/spieler/357158
2223,Transferred to Colorado,2022-07-01,2022-07-13,,,Transfer,Auston Trusty,/auston-trusty/profil/spieler/389253
2223,Transferred to Birmingham,2022-07-15,2023-05-30,,,Transfer,Auston Trusty,/auston-trusty/profil/spieler/389253
2223,Transferred to Stoke City,2022-07-23,2023-05-30,,,Transfer,Will Smallbone,/will-smallbone/profil/spieler/444211
2223,Transferred to Bor. Dortmund,2022-07-01,2022-08-31,,,Transfer,Manuel Akanji,/manuel-akanji/profil/spieler/284730
2223,Calf Injury,2023-03-29,2023-04-19,21,4,injury,Matty Cash,/matty-cash/profil/spieler/425334
2223,torn tendon,2022-09-03,2022-09-28,25,2,injury,Matty Cash,/matty-cash/profil/spieler/425334
2223,Groin Injury,2022-07-20,2022-08-25,36,4,injury,Ryan Fraser,/ryan-fraser/profil/spieler/146795
2223,Knee Injury,2022-12-26,,161,,injury,Matty Longstaff,/matty-longstaff/profil/spieler/484387
2223,Hamstring Injury,2022-11-24,2022-12-24,30,2,injury,Matty Longstaff,/matty-longstaff/profil/spieler/484387
2223,Hamstring Injury,2022-10-12,2022-11-14,33,7,injury,Matty Longstaff,/matty-longstaff/profil/spieler/484387
2223,Transferred to Colchester Utd.,2022-09-01,2022-12-31,,,Transfer,Matty Longstaff,/matty-longstaff/profil/spieler/484387
2223,Transferred to Sunderland,2022-08-31,2023-05-30,,,Transfer,Amad Diallo,/amad-diallo/profil/spieler/536835
2223,Transferred to Watford,2022-08-22,2023-05-30,,,Transfer,Kortney Hause,/kortney-hause/profil/spieler/233124
2223,Transferred to Spezia Calcio,2022-07-01,2023-01-22,,,Transfer,Jakub Kiwior,/jakub-kiwior/profil/spieler/425918
2223,Calf Injury,2022-10-11,2022-10-26,15,5,injury,Joel Matip,/joel-matip/profil/spieler/82105
2223,Foot Injury,2022-07-18,2022-08-29,42,4,injury,Oliver Skipp,/oliver-skipp/profil/spieler/406638
2223,Hamstring Injury,2023-02-15,2023-03-17,30,5,injury,Harrison Ashby,/harrison-ashby/profil/spieler/559130
2223,Hamstring Injury,2023-04-12,2023-05-20,38,7,injury,Kalidou Koulibaly,/kalidou-koulibaly/profil/spieler/93128
2223,Red card suspension,2022-08-21,2022-08-27,6,1,suspension,Kalidou Koulibaly,/kalidou-koulibaly/profil/spieler/93128
2223,Transferred to SSC Napoli,2022-07-01,2022-07-15,,,Transfer,Kalidou Koulibaly,/kalidou-koulibaly/profil/spieler/93128
2223,Suspended,2022-08-06,2023-05-29,296,38,suspension,Benjamin Mendy,/benjamin-mendy/profil/spieler/157495
2223,Hamstring Injury,2023-01-11,2023-02-02,22,6,injury,Diogo Dalot,/diogo-dalot/profil/spieler/357147
2223,Yellow card suspension,2022-11-11,2022-11-14,3,1,suspension,Diogo Dalot,/diogo-dalot/profil/spieler/357147
2223,Transferred to VfB Stuttgart,2022-07-01,2023-01-30,,,Transfer,Naouirou Ahamada,/naouirou-ahamada/profil/spieler/538971
2223,Transferred to Villarreal,2022-07-01,2022-08-15,,,Transfer,Pervis Estupiñán,/pervis-estupinan/profil/spieler/349599
2223,Groin Surgery,2022-09-26,2022-11-28,63,13,injury,Emile Smith Rowe,/emile-smith-rowe/profil/spieler/392765
2223,Virus Infection,2023-03-23,2023-03-26,3,,injury,Cody Gakpo,/cody-gakpo/profil/spieler/434675
2223,Transferred to PSV Eindhoven,2022-07-01,2022-12-31,,,Transfer,Cody Gakpo,/cody-gakpo/profil/spieler/434675
2223,Bruised Foot,2023-04-26,2023-05-04,8,3,injury,Kevin De Bruyne,/kevin-de-bruyne/profil/spieler/88755
2223,Ill,2023-02-21,2023-02-24,3,1,injury,Kevin De Bruyne,/kevin-de-bruyne/profil/spieler/88755
2223,Transferred to Huddersfield,2022-07-01,2022-07-19,,,Transfer,Harry Toffolo,/harry-toffolo/profil/spieler/198516
2223,Muscle Injury,2023-04-25,2023-06-02,38,7,injury,Marc Cucurella,/marc-cucurella/profil/spieler/284857
2223,Knee Injury,2022-09-15,2022-10-31,46,7,injury,Boubacar Kamara,/boubacar-kamara/profil/spieler/394327
2223,Transferred to West Brom,2023-01-31,2023-05-30,,,Transfer,Marc Albrighton,/marc-albrighton/profil/spieler/61560
2223,Ankle Injury,2022-08-06,2022-08-18,12,2,injury,João Moutinho,/joao-moutinho/profil/spieler/29364
2223,Knee Injury,2023-05-01,2023-05-31,30,5,injury,Seamus Coleman,/seamus-coleman/profil/spieler/68390
2223,Shoulder Injury,2023-04-22,2023-06-05,44,7,injury,Scott McKenna,/scott-mckenna/profil/spieler/255906
2223,Hamstring Injury,2023-02-11,2023-04-08,56,9,injury,Scott McKenna,/scott-mckenna/profil/spieler/255906
2223,Knee Injury,2023-01-03,2023-06-30,178,38,injury,Donny van de Beek,/donny-van-de-beek/profil/spieler/288255
2223,Knock,2022-09-03,2022-10-24,51,10,injury,Donny van de Beek,/donny-van-de-beek/profil/spieler/288255
2223,Knee Surgery,2023-03-16,2023-09-01,169,12,injury,Takehiro Tomiyasu,/takehiro-tomiyasu/profil/spieler/331560
2223,Ankle Injury,2023-03-18,,79,17,injury,Tom Heaton,/tom-heaton/profil/spieler/34130
2223,Transferred to Rotherham,2023-01-12,2023-05-30,,,Transfer,Leo Fuhr Hjelde,/leo-fuhr-hjelde/profil/spieler/661208
2223,Back trouble,2022-08-07,2022-08-31,24,4,injury,Victor Lindelöf,/victor-lindelof/profil/spieler/184573
2223,Muscle Injury,2022-08-10,2022-10-10,61,7,injury,Anthony Knockaert,/anthony-knockaert/profil/spieler/149237
2223,Transferred to Volos NPS,2022-09-10,2023-01-09,,,Transfer,Anthony Knockaert,/anthony-knockaert/profil/spieler/149237
2223,Transferred to Huddersfield,2023-01-11,2023-05-30,,,Transfer,Anthony Knockaert,/anthony-knockaert/profil/spieler/149237
2223,Transferred to Middlesbrough,2022-08-21,2023-05-30,,,Transfer,Rodrigo Muniz,/rodrigo-muniz/profil/spieler/735571
2223,Muscle Injury,2022-10-30,2022-11-14,15,4,injury,Weston McKennie,/weston-mckennie/profil/spieler/332697
2223,Shoulder Injury,2022-07-31,2022-08-13,13,,injury,Weston McKennie,/weston-mckennie/profil/spieler/332697
2223,Transferred to Juventus,2022-07-01,2023-01-29,,,Transfer,Weston McKennie,/weston-mckennie/profil/spieler/332697
2223,Transferred to Juventus,2023-06-30,2023-06-30,,,Transfer,Weston McKennie,/weston-mckennie/profil/spieler/332697
2223,Transferred to Millwall,2022-07-19,2023-05-30,,,Transfer,Jamie Shackleton,/jamie-shackleton/profil/spieler/534700
2223,Cruciate Ligament Rupture,2022-12-14,2023-06-30,198,29,injury,Armando Broja,/armando-broja/profil/spieler/571743
2223,Knock,2022-08-15,2022-08-25,10,1,injury,Armando Broja,/armando-broja/profil/spieler/571743
2223,Knee Injury,2023-01-14,,142,24,injury,Mohamed Elneny,/mohamed-elneny/profil/spieler/160438
2223,Thigh Problems,2022-08-27,2022-11-01,66,14,injury,Mohamed Elneny,/mohamed-elneny/profil/spieler/160438
2223,Transferred to Millwall,2022-07-04,2023-05-30,,,Transfer,Charlie Cresswell,/charlie-cresswell/profil/spieler/597659
2223,Knee Surgery,2022-08-07,2023-01-01,147,17,injury,Manor Solomon,/manor-solomon/profil/spieler/396638
2223,Transferred to Shakhtar D.,2022-07-01,2022-07-24,,,Transfer,Manor Solomon,/manor-solomon/profil/spieler/396638
2223,Transferred to Shakhtar D.,2023-06-30,2023-06-30,,,Transfer,Manor Solomon,/manor-solomon/profil/spieler/396638
2223,Injury to the ankle,2022-11-02,2022-11-07,5,2,injury,Kamaldeen Sulemana,/kamaldeen-sulemana/profil/spieler/746695
2223,Knee Problems,2022-09-29,2022-10-10,11,3,injury,Kamaldeen Sulemana,/kamaldeen-sulemana/profil/spieler/746695
2223,Transferred to Rennes,2022-07-01,2023-01-30,,,Transfer,Kamaldeen Sulemana,/kamaldeen-sulemana/profil/spieler/746695
2223,Thigh Muscle Strain,2023-01-01,2023-02-04,34,6,injury,John McGinn,/john-mcginn/profil/spieler/193116
2223,Muscular problems,2022-09-04,2022-09-28,24,2,injury,Fábio Carvalho,/fabio-carvalho/profil/spieler/559263
2223,Groin Injury,2023-01-04,,152,24,injury,Boubacar Traoré,/boubacar-traore/profil/spieler/649020
2223,Transferred to FC Metz,2022-07-01,2022-08-31,,,Transfer,Boubacar Traoré,/boubacar-traore/profil/spieler/649020
2223,Transferred to FC Metz,2023-06-30,2023-06-30,,,Transfer,Boubacar Traoré,/boubacar-traore/profil/spieler/649020
2223,Transferred to Cheltenham,2022-07-04,2023-01-07,,,Transfer,Dan Nlundulu,/dan-nlundulu/profil/spieler/346482
2223,Transferred to Bolton,2023-01-09,2023-05-30,,,Transfer,Dan Nlundulu,/dan-nlundulu/profil/spieler/346482
2223,groin strain,2023-01-05,2023-02-05,31,8,injury,Stuart Armstrong,/stuart-armstrong/profil/spieler/130765
2223,Injury to the ankle,2022-08-30,2022-09-01,2,1,injury,Pablo Sarabia,/pablo-sarabia/profil/spieler/74230
2223,Transferred to Paris SG,2022-07-01,2023-01-16,,,Transfer,Pablo Sarabia,/pablo-sarabia/profil/spieler/74230
2223,Knee Injury,2022-09-15,2022-10-03,18,2,injury,Ben Davies,/ben-davies/profil/spieler/192765
2223,Knee Injury,2022-09-08,2022-10-10,32,4,injury,Andrew Robertson,/andrew-robertson/profil/spieler/234803
2223,Yellow card suspension,2022-10-30,2022-11-06,7,1,suspension,Bobby De Cordova-Reid,/bobby-de-cordova-reid/profil/spieler/186186
2223,Ill,2023-01-17,2023-01-19,2,1,injury,Garang Kuol,/garang-kuol/profil/spieler/967948
2223,Transferred to Central Coast,2022-07-01,2022-12-31,,,Transfer,Garang Kuol,/garang-kuol/profil/spieler/967948
2223,Transferred to Heart of Midl.,2023-01-12,2023-05-30,,,Transfer,Garang Kuol,/garang-kuol/profil/spieler/967948
2223,Ankle Injury,2023-04-30,2023-05-29,29,6,injury,Andreas Pereira,/andreas-pereira/profil/spieler/203394
2223,Transferred to Sheff Utd,2022-07-13,2023-05-30,,,Transfer,Ciaran Clark,/ciaran-clark/profil/spieler/98240
2223,Unknown Injury,2023-01-05,2023-01-09,4,1,injury,Daniel Podence,/daniel-podence/profil/spieler/256977
2223,Transferred to Atlético Madrid,2022-07-01,2022-08-28,,,Transfer,Renan Lodi,/renan-lodi/profil/spieler/476352
2223,Transferred to Atlético Madrid,2023-06-30,2023-06-30,,,Transfer,Renan Lodi,/renan-lodi/profil/spieler/476352
2223,Transferred to Reading,2022-07-12,2023-05-30,,,Transfer,Jeff Hendrick,/jeff-hendrick/profil/spieler/148262
2223,Yellow card suspension,2022-10-31,2022-11-07,7,1,suspension,Bruno Fernandes,/bruno-fernandes/profil/spieler/240306
2223,Torn Muscle Fibre,2023-04-25,2023-05-02,7,2,injury,Willian,/willian/profil/spieler/52769
2223,Thigh Problems,2023-03-10,2023-03-13,3,1,injury,Willian,/willian/profil/spieler/52769
2223,Calf Injury,2022-09-29,2022-10-12,13,2,injury,Willian,/willian/profil/spieler/52769
2223,Transferred to Corinthians,2022-07-01,2022-08-31,,,Transfer,Willian,/willian/profil/spieler/52769
2223,Hamstring Injury,2022-12-22,2023-01-14,23,6,injury,James Milner,/james-milner/profil/spieler/3333
2223,Concussion,2022-11-01,2022-11-11,10,3,injury,James Milner,/james-milner/profil/spieler/3333
2223,Knee Injury,2022-12-20,2023-02-13,55,9,injury,Wesley Fofana,/wesley-fofana/profil/spieler/475411
2223,Knee Injury,2022-10-06,2022-12-16,71,11,injury,Wesley Fofana,/wesley-fofana/profil/spieler/475411
2223,Back Injury,2022-11-12,2023-02-09,89,8,injury,James Garner,/james-garner/profil/spieler/505219
2223,Calf Injury,2022-08-29,2022-10-10,42,8,injury,Lucas Moura,/lucas-moura/profil/spieler/77100
2223,Knee Injury,2022-10-10,2023-04-16,188,31,injury,Luis Díaz,/luis-diaz/profil/spieler/480692
2223,Hamstring Injury,2022-11-23,2023-01-08,46,4,injury,Jacob Ramsey,/jacob-ramsey/profil/spieler/503749
2223,Transferred to Derby,2022-07-09,2023-05-30,,,Transfer,Haydon Roberts,/haydon-roberts/profil/spieler/533523
2223,Muscle Fatigue,2023-05-13,,23,3,injury,Vitaliy Mykolenko,/vitaliy-mykolenko/profil/spieler/404842
2223,Transferred to Swansea,2022-07-01,2022-07-06,,,Transfer,Flynn Downes,/flynn-downes/profil/spieler/506189
2223,Pneumothorax,2022-08-23,2022-10-14,52,13,injury,Máximo Perrone,/maximo-perrone/profil/spieler/668547
2223,Transferred to Vélez Sarsfield,2022-07-01,2023-01-22,,,Transfer,Máximo Perrone,/maximo-perrone/profil/spieler/668547
2223,Transferred to Blackburn,2022-08-31,2023-01-06,,,Transfer,George Hirst,/george-hirst/profil/spieler/420808
2223,Transferred to Ipswich,2023-01-08,2023-05-30,,,Transfer,George Hirst,/george-hirst/profil/spieler/420808
2223,Hamstring Injury,2023-01-15,2023-01-27,12,2,injury,Sasa Lukic,/sasa-lukic/profil/spieler/245056
2223,Calf Problems,2022-11-09,2022-11-21,12,2,injury,Sasa Lukic,/sasa-lukic/profil/spieler/245056
2223,Transferred to Torino,2022-07-01,2023-01-30,,,Transfer,Sasa Lukic,/sasa-lukic/profil/spieler/245056
2223,Ill,2023-02-21,2023-02-24,3,1,injury,Aymeric Laporte,/aymeric-laporte/profil/spieler/176553
2223,Knee Surgery,2022-06-30,2022-10-03,95,11,injury,Aymeric Laporte,/aymeric-laporte/profil/spieler/176553
2223,Transferred to HNK Gorica,2022-09-02,2023-01-09,,,Transfer,Tyrese Francois,/tyrese-francois/profil/spieler/528888
2223,Transferred to QPR,2023-01-11,2023-05-30,,,Transfer,Jamal Lowe,/jamal-lowe/profil/spieler/239949
2223,Knee Injury,2022-07-08,2022-09-12,66,7,injury,Junior Firpo,/junior-firpo/profil/spieler/374139
2223,Hamstring Injury,2022-08-13,2022-10-03,51,8,injury,Abdoulaye Doucouré,/abdoulaye-doucoure/profil/spieler/127187
2223,Transferred to FC Lorient,2022-07-01,2023-01-18,,,Transfer,Dango Ouattara,/dango-ouattara/profil/spieler/823231
2223,Transferred to River Plate,2022-07-01,2022-07-13,,,Transfer,Enzo Fernández,/enzo-fernandez/profil/spieler/648195
2223,Transferred to Benfica,2022-07-14,2023-01-30,,,Transfer,Enzo Fernández,/enzo-fernandez/profil/spieler/648195
2223,Groin Injury,2023-05-12,2023-05-29,17,4,injury,N'Golo Kanté,/ngolo-kante/profil/spieler/225083
2223,Fitness,2023-02-20,2023-03-12,20,4,injury,N'Golo Kanté,/ngolo-kante/profil/spieler/225083
2223,Hamstring Injury,2022-08-15,2023-02-20,189,30,injury,N'Golo Kanté,/ngolo-kante/profil/spieler/225083
2223,Knee Injury,2022-12-02,2023-03-11,99,15,injury,Gabriel Jesus,/gabriel-jesus/profil/spieler/363205
2223,Surgery,2022-10-03,2023-02-25,145,26,injury,Arthur Melo,/arthur-melo/profil/spieler/362842
2223,Ankle problems,2022-08-08,2022-08-16,8,1,injury,Arthur Melo,/arthur-melo/profil/spieler/362842
2223,Transferred to Juventus,2022-07-01,2022-08-31,,,Transfer,Arthur Melo,/arthur-melo/profil/spieler/362842
2223,Transferred to Juventus,2023-06-30,2023-06-30,,,Transfer,Arthur Melo,/arthur-melo/profil/spieler/362842
2223,Transferred to Villarreal,2022-07-01,2023-01-24,,,Transfer,Arnaut Danjuma,/arnaut-danjuma/profil/spieler/355861
2223,Transferred to Villarreal,2023-06-30,2023-06-30,,,Transfer,Arnaut Danjuma,/arnaut-danjuma/profil/spieler/355861
2223,Transferred to Burnley,2022-07-01,2022-07-14,,,Transfer,Wayne Hennessey,/wayne-hennessey/profil/spieler/45494
2223,Transferred to Olympique Lyon,2022-07-01,2023-01-27,,,Transfer,Tetê,/tete/profil/spieler/371256
2223,Transferred to Shakhtar D.,2023-01-28,2023-01-28,,,Transfer,Tetê,/tete/profil/spieler/371256
2223,Transferred to Shakhtar D.,2023-06-30,2023-06-30,,,Transfer,Tetê,/tete/profil/spieler/371256
2223,Ankle Injury,2023-05-14,,22,3,injury,Gabriel Martinelli,/gabriel-martinelli/profil/spieler/655488
2223,Knee Injury,2023-01-03,2023-01-03,0,1,injury,Nathan Patterson,/nathan-patterson/profil/spieler/424015
2223,Ankle Injury,2022-09-21,2022-10-26,35,5,injury,Nathan Patterson,/nathan-patterson/profil/spieler/424015
2223,Ankle Injury,2023-02-08,2023-03-18,38,7,injury,Tom Cairney,/tom-cairney/profil/spieler/123275
2223,Hamstring Injury,2023-02-01,2023-02-13,12,2,injury,Kyle Walker-Peters,/kyle-walker-peters/profil/spieler/341051
2223,Hamstring Injury,2022-10-19,2022-12-04,46,6,injury,Kyle Walker-Peters,/kyle-walker-peters/profil/spieler/341051
2223,Red card suspension,2023-01-13,2023-02-04,22,3,suspension,João Félix,/joao-felix/profil/spieler/462250
2223,Transferred to Atlético Madrid,2022-07-01,2023-01-10,,,Transfer,João Félix,/joao-felix/profil/spieler/462250
2223,Transferred to Atlético Madrid,2023-06-30,2023-06-30,,,Transfer,João Félix,/joao-felix/profil/spieler/462250
2223,Transferred to Stoke City,2023-01-31,2023-05-30,,,Transfer,Ben Pearson,/ben-pearson/profil/spieler/183302
2223,Transferred to River Plate,2022-07-01,2022-07-06,,,Transfer,Julián Álvarez,/julian-alvarez/profil/spieler/576024
2223,Transferred to Watford,2022-08-10,2023-05-30,,,Transfer,Hamza Choudhury,/hamza-choudhury/profil/spieler/341501
2223,Transferred to Shakhtar D.,2022-07-01,2023-01-14,,,Transfer,Mykhaylo Mudryk,/mykhaylo-mudryk/profil/spieler/537860
2223,Hand Injury,2023-05-23,2023-06-20,28,1,injury,Nick Pope,/nick-pope/profil/spieler/192080
2223,Thigh Problems,2023-03-19,2023-03-31,12,,injury,Nick Pope,/nick-pope/profil/spieler/192080
2223,Tear in the abductor muscle,2022-08-10,2022-08-18,8,1,injury,Clément Lenglet,/clement-lenglet/profil/spieler/182904
2223,Transferred to Barcelona,2022-07-01,2022-07-07,,,Transfer,Clément Lenglet,/clement-lenglet/profil/spieler/182904
2223,Transferred to Barcelona,2023-06-30,2023-06-30,,,Transfer,Clément Lenglet,/clement-lenglet/profil/spieler/182904
2223,Transferred to Without Club,2022-07-01,2022-09-11,,,Transfer,Loris Karius,/loris-karius/profil/spieler/85864
2223,Transferred to Cardiff,2022-07-01,2022-08-11,,,Transfer,Alex Smithies,/alex-smithies/profil/spieler/33754
2223,Thigh Problems,2022-09-20,2023-01-04,106,13,injury,Alexander Isak,/alexander-isak/profil/spieler/349066
2223,Transferred to Real Sociedad,2022-07-01,2022-08-25,,,Transfer,Alexander Isak,/alexander-isak/profil/spieler/349066
2223,Hamstring Injury,2023-02-11,2023-03-27,44,9,injury,Ryan Sessegnon,/ryan-sessegnon/profil/spieler/392775
2223,Metatarsal Fracture,2023-03-25,,72,14,injury,Jeremy Sarmiento,/jeremy-sarmiento/profil/spieler/568005
2223,Knee Injury,2022-08-14,2022-08-31,17,4,injury,Jeremy Sarmiento,/jeremy-sarmiento/profil/spieler/568005
2223,Disrupted Calf Muscle,2023-05-07,2023-06-04,28,4,injury,Oleksandr Zinchenko,/oleksandr-zinchenko/profil/spieler/203853
2223,Unknown Injury,2023-04-14,2023-04-17,3,1,injury,Oleksandr Zinchenko,/oleksandr-zinchenko/profil/spieler/203853
2223,Calf Injury,2022-09-16,2022-11-01,46,10,injury,Oleksandr Zinchenko,/oleksandr-zinchenko/profil/spieler/203853
2223,Knee Problems,2022-08-26,2022-09-03,8,2,injury,Oleksandr Zinchenko,/oleksandr-zinchenko/profil/spieler/203853
2223,Ankle problems,2022-10-10,2022-10-15,5,1,injury,Trent Alexander-Arnold,/trent-alexander-arnold/profil/spieler/314353
2223,Transferred to Stoke City,2022-08-16,2023-01-18,,,Transfer,Tariqe Fosu,/tariqe-fosu/profil/spieler/249873
2223,Transferred to Rotherham,2023-01-20,2023-05-30,,,Transfer,Tariqe Fosu,/tariqe-fosu/profil/spieler/249873
2223,Transferred to Feyenoord,2022-07-01,2022-07-04,,,Transfer,Tyrell Malacia,/tyrell-malacia/profil/spieler/339340
2223,Transferred to Stoke City,2023-01-25,2023-05-30,,,Transfer,Matija Sarkic,/matija-sarkic/profil/spieler/293257
2223,Hamstring Injury,2023-05-19,2023-06-02,14,3,injury,Benoît Badiashile,/benoit-badiashile/profil/spieler/463603
2223,Tear in the abductor muscle,2022-10-13,2022-10-20,7,2,injury,Benoît Badiashile,/benoit-badiashile/profil/spieler/463603
2223,Muscle Injury,2022-07-15,2022-08-10,26,3,injury,Benoît Badiashile,/benoit-badiashile/profil/spieler/463603
2223,Transferred to Monaco,2022-07-01,2023-01-04,,,Transfer,Benoît Badiashile,/benoit-badiashile/profil/spieler/463603
2223,Knee Injury,2022-07-30,2022-10-06,68,9,injury,Harry Wilson,/harry-wilson/profil/spieler/279455
2223,Transferred to Chicago,2022-07-01,2023-01-22,,,Transfer,Jhon Durán,/jhon-duran/profil/spieler/649317
2223,Knee Injury,2023-04-06,2023-05-08,32,6,injury,Gustavo Scarpa,/gustavo-scarpa/profil/spieler/330085
2223,Transferred to Palmeiras,2022-07-01,2022-12-31,,,Transfer,Gustavo Scarpa,/gustavo-scarpa/profil/spieler/330085
2223,Unknown Injury,2023-04-06,2023-04-19,13,3,injury,Luke Shaw,/luke-shaw/profil/spieler/183288
2223,Transferred to G. Bordeaux,2022-07-01,2022-07-24,,,Transfer,Sékou Mara,/sekou-mara/profil/spieler/557612
2223,Bruised Knee,2022-09-22,2022-10-28,36,5,injury,Caglar Söyüncü,/caglar-soyuncu/profil/spieler/320141
2223,Fractured Leg,2022-07-20,2023-06-30,345,45,injury,Omar Richards,/omar-richards/profil/spieler/424881
2223,Transferred to Bayern Munich,2022-07-01,2022-07-09,,,Transfer,Omar Richards,/omar-richards/profil/spieler/424881
2223,Hamstring Injury,2023-03-09,2023-04-02,24,3,injury,Raheem Sterling,/raheem-sterling/profil/spieler/134425
2223,Knee Problems,2023-02-09,2023-02-12,3,1,injury,Raheem Sterling,/raheem-sterling/profil/spieler/134425
2223,Hamstring Injury,2023-01-05,2023-02-02,28,5,injury,Raheem Sterling,/raheem-sterling/profil/spieler/134425
2223,Metatarsal Fracture,2022-06-30,2022-10-15,107,12,injury,Hamed Junior Traorè,/hamed-junior-traore/profil/spieler/391065
2223,Transferred to Sassuolo,2022-07-01,2023-01-30,,,Transfer,Hamed Junior Traorè,/hamed-junior-traore/profil/spieler/391065
2223,Transferred to Sassuolo,2023-06-30,2023-06-30,,,Transfer,Hamed Junior Traorè,/hamed-junior-traore/profil/spieler/391065
2223,Fitness,2022-11-18,2022-11-22,4,,injury,Kyle Walker,/kyle-walker/profil/spieler/95424
2223,Groin Injury,2022-10-03,2022-11-17,45,11,injury,Kyle Walker,/kyle-walker/profil/spieler/95424
2223,Transferred to Burnley,2022-09-01,2023-05-30,,,Transfer,Halil Dervisoglu,/halil-dervisoglu/profil/spieler/465606
2223,Knee Injury,2023-03-05,2023-05-31,87,17,injury,Tariq Lamptey,/tariq-lamptey/profil/spieler/504148
2223,Transferred to Huddersfield,2023-01-31,2023-05-30,,,Transfer,Jordan Smith,/jordan-smith/profil/spieler/452707
2223,Transferred to Burnley,2022-07-01,2022-07-01,,,Transfer,James Tarkowski,/james-tarkowski/profil/spieler/173504
2223,Transferred to Rangers,2022-07-01,2022-07-08,,,Transfer,Joe Aribo,/joe-aribo/profil/spieler/468198
2223,Knock,2023-05-20,2023-05-27,7,2,injury,Mateo Kovacic,/mateo-kovacic/profil/spieler/51471
2223,Ill,2023-02-20,2023-02-27,7,1,injury,Mateo Kovacic,/mateo-kovacic/profil/spieler/51471
2223,Calf Problems,2023-01-21,2023-02-04,14,2,injury,Mateo Kovacic,/mateo-kovacic/profil/spieler/51471
2223,Rest,2022-12-18,2022-12-28,10,1,injury,Mateo Kovacic,/mateo-kovacic/profil/spieler/51471
2223,Knee Problems,2022-08-07,2022-08-24,17,2,injury,Mateo Kovacic,/mateo-kovacic/profil/spieler/51471
2223,Transferred to Hull City,2023-01-19,2023-05-30,,,Transfer,Malcolm Ebiowei,/malcolm-ebiowei/profil/spieler/512354
2223,Transferred to Middlesbrough,2023-01-06,2023-05-30,,,Transfer,Cameron Archer,/cameron-archer/profil/spieler/533662
2223,Ankle Injury,2023-04-26,,40,5,injury,Luis Sinisterra,/luis-sinisterra/profil/spieler/512385
2223,Foot Injury,2022-10-23,2022-12-19,57,5,injury,Luis Sinisterra,/luis-sinisterra/profil/spieler/512385
2223,Transferred to Feyenoord,2022-07-01,2022-07-06,,,Transfer,Luis Sinisterra,/luis-sinisterra/profil/spieler/512385
2223,Thigh Problems,2022-09-09,2022-09-27,18,1,injury,Jordan Pickford,/jordan-pickford/profil/spieler/130164
2223,Knee Injury,2023-04-24,2023-05-01,7,1,injury,Kai Havertz,/kai-havertz/profil/spieler/309400
2223,Influenza,2023-03-26,2023-03-29,3,,injury,Kai Havertz,/kai-havertz/profil/spieler/309400
2223,Knock,2022-10-10,2022-10-17,7,2,injury,Japhet Tanganga,/japhet-tanganga/profil/spieler/346478
2223,Transferred to Luton,2023-01-26,2023-05-30,,,Transfer,Cody Drameh,/cody-drameh/profil/spieler/531957
2223,Ankle Injury,2023-03-10,2023-04-01,22,2,injury,Anthony Gordon,/anthony-gordon/profil/spieler/503733
2223,Calf Injury,2023-02-04,2023-02-04,0,1,injury,Danny Welbeck,/danny-welbeck/profil/spieler/67063
2223,Unknown Injury,2022-12-23,2023-01-04,12,3,injury,Danny Welbeck,/danny-welbeck/profil/spieler/67063
2223,Ill,2022-11-01,2022-11-14,13,4,injury,Jadon Sancho,/jadon-sancho/profil/spieler/401173
2223,Transferred to Paris SG,2022-07-01,2022-08-16,,,Transfer,Thilo Kehrer,/thilo-kehrer/profil/spieler/228948
2223,Ankle Injury,2022-09-03,2022-10-03,30,3,injury,Antonee Robinson,/antonee-robinson/profil/spieler/349701
2223,Yellow card suspension,2023-01-13,2023-01-16,3,1,suspension,Antonee Robinson,/antonee-robinson/profil/spieler/349701
2223,Shoulder Injury,2022-09-15,2022-11-08,54,11,injury,Kalvin Phillips,/kalvin-phillips/profil/spieler/351749
2223,Hamstring Injury,2022-07-26,2022-10-10,76,10,injury,Jonjo Shelvey,/jonjo-shelvey/profil/spieler/71292
2223,Red card suspension,2022-08-27,2022-08-30,3,1,suspension,Conor Gallagher,/conor-gallagher/profil/spieler/488362
2223,Sideband tear,2023-02-27,,98,15,injury,Layvin Kurzawa,/layvin-kurzawa/profil/spieler/126710
2223,Knock,2022-10-08,2022-11-02,25,5,injury,Layvin Kurzawa,/layvin-kurzawa/profil/spieler/126710
2223,Transferred to Paris SG,2022-07-01,2022-08-31,,,Transfer,Layvin Kurzawa,/layvin-kurzawa/profil/spieler/126710
2223,Transferred to Paris SG,2023-06-30,2023-06-30,,,Transfer,Layvin Kurzawa,/layvin-kurzawa/profil/spieler/126710
2223,Achilles tendon rupture,2022-08-11,2023-03-12,213,28,injury,Diego Carlos,/diego-carlos/profil/spieler/329145
2223,Hamstring Injury,2023-02-05,2023-03-08,31,5,injury,Hee-chan Hwang,/hee-chan-hwang/profil/spieler/292246
2223,Hamstring Injury,2022-11-14,2022-11-21,7,,injury,Hee-chan Hwang,/hee-chan-hwang/profil/spieler/292246
2223,Adductor problems,2022-09-30,2022-10-06,6,1,injury,Hee-chan Hwang,/hee-chan-hwang/profil/spieler/292246
2223,Thigh Problems,2022-12-22,2023-02-12,52,9,injury,Reiss Nelson,/reiss-nelson/profil/spieler/340325
2223,Thigh Problems,2022-08-08,2022-10-03,56,8,injury,Reiss Nelson,/reiss-nelson/profil/spieler/340325
2223,Transferred to Burton Albion,2022-07-11,2023-01-01,,,Transfer,Viljami Sinisalo,/viljami-sinisalo/profil/spieler/484838
2223,Head Injury,2022-08-29,2022-09-05,7,2,injury,Pierre-Emerick Aubameyang,/pierre-emerick-aubameyang/profil/spieler/58864
2223,Transferred to Barcelona,2022-07-01,2022-08-31,,,Transfer,Pierre-Emerick Aubameyang,/pierre-emerick-aubameyang/profil/spieler/58864
2223,Transferred to QPR,2022-07-22,2023-05-30,,,Transfer,Taylor Richards,/taylor-richards/profil/spieler/484551
2223,Fitness,2022-12-19,,168,25,injury,David Brooks,/david-brooks/profil/spieler/277033
2223,Hamstring Injury,2022-08-20,2022-12-18,120,15,injury,David Brooks,/david-brooks/profil/spieler/277033
2223,Transferred to Stoke City,2022-07-01,2023-01-30,,,Transfer,Harry Souttar,/harry-souttar/profil/spieler/298091
2223,Transferred to PSV Eindhoven,2022-07-01,2022-08-30,,,Transfer,Carlos Vinícius,/carlos-vinicius/profil/spieler/525287
2223,Transferred to Benfica,2022-08-31,2022-08-31,,,Transfer,Carlos Vinícius,/carlos-vinicius/profil/spieler/525287
2223,Transferred to Stoke City,2022-07-02,2023-01-29,,,Transfer,Gavin Kilkenny,/gavin-kilkenny/profil/spieler/469064
2223,Transferred to Charlton,2023-01-31,2023-05-30,,,Transfer,Gavin Kilkenny,/gavin-kilkenny/profil/spieler/469064
2223,Transferred to FC Zürich,2022-07-01,2022-08-31,,,Transfer,Wilfried Gnonto,/wilfried-gnonto/profil/spieler/627626
2223,Adductor problems,2022-07-21,2022-08-03,13,2,injury,Paul Onuachu,/paul-onuachu/profil/spieler/272855
2223,Transferred to KRC Genk,2022-07-01,2023-01-30,,,Transfer,Paul Onuachu,/paul-onuachu/profil/spieler/272855
2223,Hamstring Injury,2022-07-20,2022-08-13,24,2,injury,Adama Traoré,/adama-traore/profil/spieler/204103
2223,Transferred to Real Betis,2022-07-01,2023-01-10,,,Transfer,Álex Moreno,/alex-moreno/profil/spieler/193098
2223,Knock,2023-02-15,2023-02-28,13,3,injury,Aleksandar Mitrović,/aleksandar-mitrovi%C4%87/profil/spieler/51152
2223,Ankle Injury,2022-11-02,2022-11-17,15,2,injury,Aleksandar Mitrović,/aleksandar-mitrovi%C4%87/profil/spieler/51152
2223,Ankle Injury,2022-10-02,2022-10-15,13,2,injury,Aleksandar Mitrović,/aleksandar-mitrovi%C4%87/profil/spieler/51152
2223,Yellow card suspension,2023-01-04,2023-01-13,9,1,suspension,Aleksandar Mitrović,/aleksandar-mitrovi%C4%87/profil/spieler/51152
2223,Cruciate Ligament Rupture,2023-02-12,2023-08-31,200,18,injury,Rodrigo Bentancur,/rodrigo-bentancur/profil/spieler/354362
2223,Adductor problems,2022-12-03,2023-01-16,44,5,injury,Rodrigo Bentancur,/rodrigo-bentancur/profil/spieler/354362
2223,Head Injury,2022-08-28,2022-09-01,4,2,injury,Rodrigo Bentancur,/rodrigo-bentancur/profil/spieler/354362
2223,Transferred to Burnley,2022-08-11,2023-05-30,,,Transfer,Nathan Tella,/nathan-tella/profil/spieler/340322
2223,Shoulder Injury,2023-01-05,2023-03-16,70,13,injury,Edouard Mendy,/edouard-mendy/profil/spieler/442531
2223,Knock,2022-12-08,2023-01-04,27,2,injury,Edouard Mendy,/edouard-mendy/profil/spieler/442531
2223,Yellow card suspension,2022-11-05,2022-11-14,9,1,suspension,Harrison Reed,/harrison-reed/profil/spieler/226973
2223,Transferred to Shrewsbury,2022-09-01,2023-05-30,,,Transfer,Christian Saydee,/christian-saydee/profil/spieler/655835
2223,Hamstring Injury,2023-05-06,2023-06-03,28,5,injury,Ben Chilwell,/ben-chilwell/profil/spieler/316125
2223,Hamstring Injury,2022-11-03,2023-01-31,89,10,injury,Ben Chilwell,/ben-chilwell/profil/spieler/316125
2223,Muscle Injury,2023-02-21,2023-03-14,21,5,injury,Joe Gomez,/joe-gomez/profil/spieler/256178
2223,Unknown Injury,2022-11-07,,210,32,injury,Juan Larios,/juan-larios/profil/spieler/646738
2223,Yellow card suspension,2022-11-05,2022-11-06,1,1,suspension,Ivan Toney,/ivan-toney/profil/spieler/251664
2223,Hamstring Injury,2022-11-01,2022-12-15,44,4,injury,Carney Chukwuemeka,/carney-chukwuemeka/profil/spieler/659459
2223,Hamstring Injury,2023-03-24,2023-04-15,22,3,injury,Maximilian Wöber,/maximilian-wober/profil/spieler/263361
2223,groin strain,2022-09-06,2022-09-16,10,3,injury,Maximilian Wöber,/maximilian-wober/profil/spieler/263361
2223,Transferred to RB Salzburg,2022-07-01,2023-01-02,,,Transfer,Maximilian Wöber,/maximilian-wober/profil/spieler/263361
2223,Calf Injury,2022-10-17,2023-02-10,116,18,injury,Diogo Jota,/diogo-jota/profil/spieler/340950
2223,Hamstring Injury,2022-08-01,2022-09-01,31,5,injury,Diogo Jota,/diogo-jota/profil/spieler/340950
2223,Transferred to OGC Nice,2022-07-01,2023-01-12,,,Transfer,Mario Lemina,/mario-lemina/profil/spieler/170934
2223,Rest,2022-12-18,2022-12-28,10,1,injury,Hakim Ziyech,/hakim-ziyech/profil/spieler/217111
2223,Transferred to Chicago,2022-07-01,2022-08-01,,,Transfer,Gabriel Slonina,/gabriel-slonina/profil/spieler/656316
2223,Transferred to Chicago,2022-08-03,2022-12-30,,,Transfer,Gabriel Slonina,/gabriel-slonina/profil/spieler/656316
2223,Leg Injury,2023-04-14,2023-04-24,10,2,injury,Amadou Onana,/amadou-onana/profil/spieler/485706
2223,Transferred to LOSC Lille,2022-07-01,2022-08-08,,,Transfer,Amadou Onana,/amadou-onana/profil/spieler/485706
2223,Knock,2022-09-22,2022-10-09,17,3,injury,Pedro Porro,/pedro-porro/profil/spieler/553875
2223,Transferred to Sporting CP,2022-07-01,2023-01-30,,,Transfer,Pedro Porro,/pedro-porro/profil/spieler/553875
2223,Transferred to Sporting CP,2023-06-30,2023-06-30,,,Transfer,Pedro Porro,/pedro-porro/profil/spieler/553875
2223,Toe Injury,2022-09-14,2022-10-24,40,8,injury,Ellis Simms,/ellis-simms/profil/spieler/511550
2223,Transferred to Sunderland,2022-07-29,2022-12-30,,,Transfer,Ellis Simms,/ellis-simms/profil/spieler/511550
2223,Ankle Injury,2022-10-10,2022-12-31,82,9,injury,Aaron Hickey,/aaron-hickey/profil/spieler/591949
2223,Transferred to Bologna,2022-07-01,2022-07-08,,,Transfer,Aaron Hickey,/aaron-hickey/profil/spieler/591949
2223,Transferred to Blackpool,2023-01-23,2023-05-30,,,Transfer,Charlie Goode,/charlie-goode/profil/spieler/376856
2223,Ankle Injury,2023-02-10,2023-03-31,49,6,injury,Ilya Zabarnyi,/ilya-zabarnyi/profil/spieler/659089
2223,Transferred to Dynamo Kyiv,2022-07-01,2023-01-30,,,Transfer,Ilya Zabarnyi,/ilya-zabarnyi/profil/spieler/659089
2223,Torn Ankle Ligament,2023-02-26,2023-04-10,43,7,injury,Youri Tielemans,/youri-tielemans/profil/spieler/249565
2223,Yellow card suspension,2023-02-10,2023-02-12,2,1,suspension,Youri Tielemans,/youri-tielemans/profil/spieler/249565
2223,Head Injury,2023-02-18,2023-03-10,20,4,injury,César Azpilicueta,/cesar-azpilicueta/profil/spieler/57500
2223,Transferred to Blackpool,2022-07-01,2022-08-31,,,Transfer,Josh Bowler,/josh-bowler/profil/spieler/506470
2223,Transferred to Olympiacos,2022-09-02,2023-01-03,,,Transfer,Josh Bowler,/josh-bowler/profil/spieler/506470
2223,Transferred to Blackpool,2023-01-05,2023-05-30,,,Transfer,Josh Bowler,/josh-bowler/profil/spieler/506470
2223,Transferred to Sheff Wed,2022-08-29,2023-01-09,,,Transfer,Alex Mighten,/alex-mighten/profil/spieler/503988
2223,Knee Injury,2022-08-27,2022-10-16,50,7,injury,Mason Holgate,/mason-holgate/profil/spieler/348623
2223,Concussion,2022-08-21,2022-08-26,5,2,injury,Dan Burn,/dan-burn/profil/spieler/134270
2223,Hamstring Injury,2022-11-05,2022-12-25,50,3,injury,Philippe Coutinho,/philippe-coutinho/profil/spieler/80444
2223,Shoulder Injury,2023-01-14,2023-02-03,20,1,injury,Lucas Digne,/lucas-digne/profil/spieler/126664
2223,Ankle Injury,2022-09-17,2022-10-27,40,5,injury,Lucas Digne,/lucas-digne/profil/spieler/126664
2223,Knock,2022-09-29,2022-10-29,30,6,injury,Kenny Tete,/kenny-tete/profil/spieler/206746
2223,Yellow card suspension,2022-11-05,2022-11-14,9,1,suspension,Kenny Tete,/kenny-tete/profil/spieler/206746
2223,groin strain,2023-03-21,2023-04-03,13,1,injury,Erling Haaland,/erling-haaland/profil/spieler/418560
2223,Bruised Foot,2022-10-26,2022-11-04,9,2,injury,Erling Haaland,/erling-haaland/profil/spieler/418560
2223,Meniscal Injury,2023-05-10,,26,5,injury,Marcel Sabitzer,/marcel-sabitzer/profil/spieler/106987
2223,groin strain,2023-04-16,2023-04-19,3,1,injury,Marcel Sabitzer,/marcel-sabitzer/profil/spieler/106987
2223,Unknown Injury,2023-03-06,2023-03-14,8,2,injury,Marcel Sabitzer,/marcel-sabitzer/profil/spieler/106987
2223,Transferred to Bayern Munich,2022-07-01,2023-01-30,,,Transfer,Marcel Sabitzer,/marcel-sabitzer/profil/spieler/106987
2223,Transferred to Bayern Munich,2023-06-30,2023-06-30,,,Transfer,Marcel Sabitzer,/marcel-sabitzer/profil/spieler/106987
2223,Knock,2022-12-19,2023-02-06,49,8,injury,Ryan Fredericks,/ryan-fredericks/profil/spieler/140191
2223,Hip Injury,2023-04-27,2023-06-30,64,6,injury,Thiago,/thiago/profil/spieler/60444
2223,Problems with the hip flexor,2023-02-11,2023-04-07,55,10,injury,Thiago,/thiago/profil/spieler/60444
2223,Hamstring Injury,2022-08-06,2022-09-04,29,6,injury,Thiago,/thiago/profil/spieler/60444
2223,Knee Injury,2022-07-15,2022-10-01,78,9,injury,Kell Watts,/kell-watts/profil/spieler/484389
2223,Transferred to Peterborough,2022-09-01,2023-05-30,,,Transfer,Kell Watts,/kell-watts/profil/spieler/484389
2223,Ligament Problems,2023-04-27,2023-05-20,23,5,injury,Sean Longstaff,/sean-longstaff/profil/spieler/346707
2223,Transferred to Rotherham,2023-01-26,2023-05-30,,,Transfer,Conor Coventry,/conor-coventry/profil/spieler/419025
2223,Groin Injury,2023-01-04,2023-04-01,87,15,injury,Taiwo Awoniyi,/taiwo-awoniyi/profil/spieler/295313
2223,Transferred to Bolton,2023-01-19,2023-05-30,,,Transfer,Shola Shoretire,/shola-shoretire/profil/spieler/640026
2223,Transferred to Dinamo Zagreb,2022-07-01,2023-01-05,,,Transfer,Mislav Orsic,/mislav-orsic/profil/spieler/119150
2223,Fibula Fracture,2022-08-06,2022-11-05,91,15,injury,Ben Godfrey,/ben-godfrey/profil/spieler/343475
2223,Ankle Injury,2022-07-28,2022-10-17,81,18,injury,Noni Madueke,/noni-madueke/profil/spieler/503987
2223,Transferred to PSV Eindhoven,2022-07-01,2023-01-19,,,Transfer,Noni Madueke,/noni-madueke/profil/spieler/503987
2223,Foot Injury,2023-04-14,2023-05-08,24,7,injury,Raphaël Varane,/raphael-varane/profil/spieler/164770
2223,Leg Injury,2022-10-22,2022-11-14,23,7,injury,Raphaël Varane,/raphael-varane/profil/spieler/164770
2223,Sprained Ankle,2022-10-03,2022-10-08,5,1,injury,Raphaël Varane,/raphael-varane/profil/spieler/164770
